Row,Upper_Arm_Phi_Right,Upper_Arm_Theta_Right,Forearm_Phi_Right,Forearm_Theta_Right,Hand_Phi_Right,Hand_Theta_Right
Max,201.463092365845,14.0687963316356,201.463092365845,14.0687963316356,201.463092365845,14.0687963316356
Time Index # at which Max occurred,31,167,31,167,31,167
Min,40.7505954526978,-160.157253620937,40.7505954526978,-160.157253620937,40.7505954526978,-160.157253620937
Time Index # at which Min occurred,60,88,60,88,60,88
